id_rastreio;id_original;documento;versao_fonte;linha;secao;natureza;conteudo_integral;blocos_execucao;bloco_responsavel;sessao;verificacao_final;situacao_observada;decisao_relacionada;estado_execucao;evidencia_de_aceite;estado_incremento_b04;observacao_incremento_b04
BIB-L0030;;audita-planejamento-menu-biblioteca-documentos-v0.1.md;0.2;30;2. Alterações no menu lateral;Requisito/regra e contexto da fonte;| Item atual | Tratamento solicitado |;B04;B04;C2;B14 B15;"Menu e Meu Perfil existentes; nova navegação ainda não aplicada";Consultar D01-D11 e B01 quando houver proposta/conflito;"Mapeado; implementação não realizada nesta entrega";"A preencher na execução; ver critérios e saída obrigatória do bloco";Pendente de integração/validação;Fonte original preservada. Aplicar decisões B01 e contrato de autorização B02 antes de concluir.
BIB-L0032;;audita-planejamento-menu-biblioteca-documentos-v0.1.md;0.2;32;2. Alterações no menu lateral;Requisito/regra e contexto da fonte;| Dashboard | Manter. |;B04;B04;C2;B14 B15;"Menu e Meu Perfil existentes; nova navegação ainda não aplicada";Consultar D01-D11 e B01 quando houver proposta/conflito;"Mapeado; implementação não realizada nesta entrega";"A preencher na execução; ver critérios e saída obrigatória do bloco";Pendente de integração/validação;Fonte original preservada. Aplicar decisões B01 e contrato de autorização B02 antes de concluir.
BIB-L0033;;audita-planejamento-menu-biblioteca-documentos-v0.1.md;0.2;33;2. Alterações no menu lateral;Requisito/regra e contexto da fonte;| Auditorias | Manter. |;B04;B04;C2;B14 B15;"Menu e Meu Perfil existentes; nova navegação ainda não aplicada";Consultar D01-D11 e B01 quando houver proposta/conflito;"Mapeado; implementação não realizada nesta entrega";"A preencher na execução; ver critérios e saída obrigatória do bloco";Pendente de integração/validação;Fonte original preservada. Aplicar decisões B01 e contrato de autorização B02 antes de concluir.
BIB-L0034;RS-01;audita-planejamento-menu-biblioteca-documentos-v0.1.md;0.2;34;2. Alterações no menu lateral;Requisito/regra e contexto da fonte;| Não conformidades | RS-01 — Retirar a aba do menu lateral. |;B04;B04;C2;B14 B15;"Menu e Meu Perfil existentes; nova navegação ainda não aplicada";Consultar D01-D11 e B01 quando houver proposta/conflito;"Mapeado; implementação não realizada nesta entrega";"A preencher na execução; ver critérios e saída obrigatória do bloco";"Implementação parcial isolada; revisão/testes no registro de entrega";"Retirada de entradas laterais apenas. Teste estrutural de preservação; homologação por perfil e viewport pendente."
BIB-L0035;RS-02;audita-planejamento-menu-biblioteca-documentos-v0.1.md;0.2;35;2. Alterações no menu lateral;Requisito/regra e contexto da fonte;| Planos de ação | RS-02 — Retirar a aba do menu lateral. |;B04;B04;C2;B14 B15;"Menu e Meu Perfil existentes; nova navegação ainda não aplicada";Consultar D01-D11 e B01 quando houver proposta/conflito;"Mapeado; implementação não realizada nesta entrega";"A preencher na execução; ver critérios e saída obrigatória do bloco";"Implementação parcial isolada; revisão/testes no registro de entrega";"Retirada de entradas laterais apenas. Teste estrutural de preservação; homologação por perfil e viewport pendente."
BIB-L0036;RS-03;audita-planejamento-menu-biblioteca-documentos-v0.1.md;0.2;36;2. Alterações no menu lateral;Requisito/regra e contexto da fonte;| Indicadores | RS-03 — Retirar a aba do menu lateral. |;B04;B04;C2;B14 B15;"Menu e Meu Perfil existentes; nova navegação ainda não aplicada";Consultar D01-D11 e B01 quando houver proposta/conflito;"Mapeado; implementação não realizada nesta entrega";"A preencher na execução; ver critérios e saída obrigatória do bloco";"Implementação parcial isolada; revisão/testes no registro de entrega";"Retirada de entradas laterais apenas. Teste estrutural de preservação; homologação por perfil e viewport pendente."
BIB-L0037;;audita-planejamento-menu-biblioteca-documentos-v0.1.md;0.2;37;2. Alterações no menu lateral;Requisito/regra e contexto da fonte;| Usuários | Manter, respeitando as permissões existentes. |;B04;B04;C2;B14 B15;"Menu e Meu Perfil existentes; nova navegação ainda não aplicada";Consultar D01-D11 e B01 quando houver proposta/conflito;"Mapeado; implementação não realizada nesta entrega";"A preencher na execução; ver critérios e saída obrigatória do bloco";Pendente de integração/validação;Fonte original preservada. Aplicar decisões B01 e contrato de autorização B02 antes de concluir.
BIB-L0038;RS-04;audita-planejamento-menu-biblioteca-documentos-v0.1.md;0.2;38;2. Alterações no menu lateral;Requisito/regra e contexto da fonte;| Biblioteca / histórico | RS-04 — Renomear para “Biblioteca de documentos”. |;B04;B04;C2;B14 B15;"Menu e Meu Perfil existentes; nova navegação ainda não aplicada";Consultar D01-D11 e B01 quando houver proposta/conflito;"Mapeado; implementação não realizada nesta entrega";"A preencher na execução; ver critérios e saída obrigatória do bloco";Pendente de integração/validação;Fonte original preservada. Aplicar decisões B01 e contrato de autorização B02 antes de concluir.
BIB-L0039;;audita-planejamento-menu-biblioteca-documentos-v0.1.md;0.2;39;2. Alterações no menu lateral;Requisito/regra e contexto da fonte;| Meu Perfil | Manter. |;B04;B04;C2;B14 B15;"Menu e Meu Perfil existentes; nova navegação ainda não aplicada";Consultar D01-D11 e B01 quando houver proposta/conflito;"Mapeado; implementação não realizada nesta entrega";"A preencher na execução; ver critérios e saída obrigatória do bloco";Pendente de integração/validação;Fonte original preservada. Aplicar decisões B01 e contrato de autorização B02 antes de concluir.
BIB-L0041;;audita-planejamento-menu-biblioteca-documentos-v0.1.md;0.2;41;2. Alterações no menu lateral;Requisito/regra e contexto da fonte;A ordem proposta do menu é: Dashboard, Auditorias, Usuários, Biblioteca de documentos e Meu Perfil. Os itens devem continuar condicionados ao perfil do usuário, sem ampliar o acesso a Usuários ou a qualquer outra funcionalidade.;B04;B04;C2;B14 B15;"Menu e Meu Perfil existentes; nova navegação ainda não aplicada";Consultar D01-D11 e B01 quando houver proposta/conflito;"Mapeado; implementação não realizada nesta entrega";"A preencher na execução; ver critérios e saída obrigatória do bloco";Pendente de integração/validação;Fonte original preservada. Aplicar decisões B01 e contrato de autorização B02 antes de concluir.
BIB-L0043;;audita-planejamento-menu-biblioteca-documentos-v0.1.md;0.2;43;2. Alterações no menu lateral;Requisito/regra e contexto da fonte;As três abas removidas não devem aparecer no menu lateral expandido, recolhido ou adaptado para dispositivos móveis. O novo nome da biblioteca deve ser aplicado também ao título da página e aos elementos de navegação que a identificam.;B04;B04;C2;B14 B15;"Menu e Meu Perfil existentes; nova navegação ainda não aplicada";Consultar D01-D11 e B01 quando houver proposta/conflito;"Mapeado; implementação não realizada nesta entrega";"A preencher na execução; ver critérios e saída obrigatória do bloco";Pendente de integração/validação;Fonte original preservada. Aplicar decisões B01 e contrato de autorização B02 antes de concluir.
BIB-L0047;PC-01;audita-planejamento-menu-biblioteca-documentos-v0.1.md;0.2;47;2. Alterações no menu lateral / 2.1 Limite da retirada das abas;Requisito/regra e contexto da fonte;PC-01 — A alteração solicitada é tratada como retirada de entradas da navegação. Não inclui excluir registros de não conformidades, planos de ação ou indicadores, nem remover dados ou funcionalidades internas utilizadas em auditorias e relatórios. Antes da implementação, verificar dependências e atalhos existentes.;B04;B04;C2;B14 B15;"Menu e Meu Perfil existentes; nova navegação ainda não aplicada";Consultar D01-D11 e B01 quando houver proposta/conflito;"Mapeado; implementação não realizada nesta entrega";"A preencher na execução; ver critérios e saída obrigatória do bloco";Pendente de integração/validação;Fonte original preservada. Aplicar decisões B01 e contrato de autorização B02 antes de concluir.
BIB-L0049;;audita-planejamento-menu-biblioteca-documentos-v0.1.md;0.2;49;2. Alterações no menu lateral / 2.1 Limite da retirada das abas;Requisito/regra e contexto da fonte;A desativação completa de módulos ou o bloqueio de suas rotas antigas não está definido pelo pedido. Caso esse também seja o objetivo, deverá ser aprovado como ampliação de escopo, com avaliação dos dados e processos afetados. Ocultar uma aba não substitui a autorização de acesso às funcionalidades existentes.;B04;B04;C2;B14 B15;"Menu e Meu Perfil existentes; nova navegação ainda não aplicada";Consultar D01-D11 e B01 quando houver proposta/conflito;"Mapeado; implementação não realizada nesta entrega";"A preencher na execução; ver critérios e saída obrigatória do bloco";Pendente de integração/validação;Fonte original preservada. Aplicar decisões B01 e contrato de autorização B02 antes de concluir.
BIB-L0053;RS-05;audita-planejamento-menu-biblioteca-documentos-v0.1.md;0.2;53;3. Página inicial da biblioteca;Requisito/regra e contexto da fonte;RS-05 — Ao clicar em “Biblioteca de documentos”, abrir diretamente a listagem dos documentos corporativos disponíveis ao usuário. O histórico de modificações não deve aparecer automaticamente, nem misturado aos documentos ou aberto como área inicial.;B05 B04;B05;C2 + C1;B14 B15;"Biblioteca atual lista auditorias; biblioteca corporativa não identificada";Consultar D01-D11 e B01 quando houver proposta/conflito;"Mapeado; implementação não realizada nesta entrega";"A preencher na execução; ver critérios e saída obrigatória do bloco";Pendente de integração/validação;Fonte original preservada. Aplicar decisões B01 e contrato de autorização B02 antes de concluir.
BIB-L0055;;audita-planejamento-menu-biblioteca-documentos-v0.1.md;0.2;55;3. Página inicial da biblioteca;Requisito/regra e contexto da fonte;| Elemento | Comportamento esperado |;B05 B04;B05;C2 + C1;B14 B15;"Biblioteca atual lista auditorias; biblioteca corporativa não identificada";Consultar D01-D11 e B01 quando houver proposta/conflito;"Mapeado; implementação não realizada nesta entrega";"A preencher na execução; ver critérios e saída obrigatória do bloco";Pendente de integração/validação;Fonte original preservada. Aplicar decisões B01 e contrato de autorização B02 antes de concluir.
BIB-L0057;;audita-planejamento-menu-biblioteca-documentos-v0.1.md;0.2;57;3. Página inicial da biblioteca;Requisito/regra e contexto da fonte;| Título | Biblioteca de documentos. |;B05 B04;B05;C2 + C1;B14 B15;"Biblioteca atual lista auditorias; biblioteca corporativa não identificada";Consultar D01-D11 e B01 quando houver proposta/conflito;"Mapeado; implementação não realizada nesta entrega";"A preencher na execução; ver critérios e saída obrigatória do bloco";Pendente de integração/validação;Fonte original preservada. Aplicar decisões B01 e contrato de autorização B02 antes de concluir.
BIB-L0058;;audita-planejamento-menu-biblioteca-documentos-v0.1.md;0.2;58;3. Página inicial da biblioteca;Requisito/regra e contexto da fonte;| Área principal | Lista dos documentos padrão da AUDITA, com identificação e opção de download. |;B05 B04;B05;C2 + C1;B14 B15;"Biblioteca atual lista auditorias; biblioteca corporativa não identificada";Consultar D01-D11 e B01 quando houver proposta/conflito;"Mapeado; implementação não realizada nesta entrega";"A preencher na execução; ver critérios e saída obrigatória do bloco";Pendente de integração/validação;Fonte original preservada. Aplicar decisões B01 e contrato de autorização B02 antes de concluir.
BIB-L0060;RS-07;audita-planejamento-menu-biblioteca-documentos-v0.1.md;0.2;60;3. Página inicial da biblioteca;Requisito/regra e contexto da fonte;"| Histórico de modificações do sistema | RS-07 — Acesso secundário dentro da biblioteca; exige clique explícito. Perfil autorizado a definir conforme PC-03. |";B05 B04;B05;C2 + C1;B14 B15;"Biblioteca atual lista auditorias; biblioteca corporativa não identificada";Consultar D01-D11 e B01 quando houver proposta/conflito;"Mapeado; implementação não realizada nesta entrega";"A preencher na execução; ver critérios e saída obrigatória do bloco";Pendente de integração/validação;Fonte original preservada. Aplicar decisões B01 e contrato de autorização B02 antes de concluir.
BIB-L0061;PC-02;audita-planejamento-menu-biblioteca-documentos-v0.1.md;0.2;61;3. Página inicial da biblioteca;Requisito/regra e contexto da fonte;| Busca e filtros | PC-02 — Busca por título/código e filtros por tipo e situação, respeitando as permissões. |;B05 B04;B05;C2 + C1;B14 B15;"Biblioteca atual lista auditorias; biblioteca corporativa não identificada";Consultar D01-D11 e B01 quando houver proposta/conflito;"Mapeado; implementação não realizada nesta entrega";"A preencher na execução; ver critérios e saída obrigatória do bloco";Pendente de integração/validação;Fonte original preservada. Aplicar decisões B01 e contrato de autorização B02 antes de concluir.
BIB-L0124;RS-07;audita-planejamento-menu-biblioteca-documentos-v0.1.md;0.2;124;6. Separação do histórico de modificações;Requisito/regra e contexto da fonte;RS-07 — O botão “Histórico de modificações do sistema” abre uma área própria, separada da listagem de documentos. Essa área deve oferecer “Voltar à biblioteca”. Ao abrir a biblioteca pelo menu lateral, a tela inicial deve sempre voltar aos documentos, sem reabrir o histórico por preferência da visita anterior.;B05 B04;B05;C2 + C1;B14 B15;"Biblioteca atual lista auditorias; biblioteca corporativa não identificada";Consultar D01-D11 e B01 quando houver proposta/conflito;"Mapeado; implementação não realizada nesta entrega";"A preencher na execução; ver critérios e saída obrigatória do bloco";Pendente de integração/validação;Fonte original preservada. Aplicar decisões B01 e contrato de autorização B02 antes de concluir.
BIB-L0126;PC-03;audita-planejamento-menu-biblioteca-documentos-v0.1.md;0.2;126;6. Separação do histórico de modificações;Requisito/regra e contexto da fonte;"PC-03 — Recomenda-se disponibilizar o histórico somente ao Administrador nesta primeira etapa, mantendo Auditor Líder e Auditor focados no acesso e download dos documentos. A exclusividade do histórico ao Administrador não foi definida pelo usuário; a restrição aos demais perfis, incluindo o Participante / Auditado, é proposta e precisa de confirmação.";B05 B04;B05;C2 + C1;B14 B15;"Biblioteca atual lista auditorias; biblioteca corporativa não identificada";Consultar D01-D11 e B01 quando houver proposta/conflito;"Mapeado; implementação não realizada nesta entrega";"A preencher na execução; ver critérios e saída obrigatória do bloco";Pendente de integração/validação;Fonte original preservada. Aplicar decisões B01 e contrato de autorização B02 antes de concluir.
BIB-L0128;;audita-planejamento-menu-biblioteca-documentos-v0.1.md;0.2;128;6. Separação do histórico de modificações;Requisito/regra e contexto da fonte;O histórico existente deve ser preservado. A mudança de navegação não autoriza apagar, reconstruir ou inventar registros. Se a área atual não contiver de fato um histórico de modificações do sistema, a diferença deve ser apontada antes de desenvolver uma funcionalidade nova.;B05 B04;B05;C2 + C1;B14 B15;"Biblioteca atual lista auditorias; biblioteca corporativa não identificada";Consultar D01-D11 e B01 quando houver proposta/conflito;"Mapeado; implementação não realizada nesta entrega";"A preencher na execução; ver critérios e saída obrigatória do bloco";Pendente de integração/validação;Fonte original preservada. Aplicar decisões B01 e contrato de autorização B02 antes de concluir.
BIB-L0130;;audita-planejamento-menu-biblioteca-documentos-v0.1.md;0.2;130;6. Separação do histórico de modificações;Requisito/regra e contexto da fonte;| Conceito | Conteúdo e localização |;B05 B04;B05;C2 + C1;B14 B15;"Biblioteca atual lista auditorias; biblioteca corporativa não identificada";Consultar D01-D11 e B01 quando houver proposta/conflito;"Mapeado; implementação não realizada nesta entrega";"A preencher na execução; ver critérios e saída obrigatória do bloco";Pendente de integração/validação;Fonte original preservada. Aplicar decisões B01 e contrato de autorização B02 antes de concluir.
BIB-L0132;;audita-planejamento-menu-biblioteca-documentos-v0.1.md;0.2;132;6. Separação do histórico de modificações;Requisito/regra e contexto da fonte;| Biblioteca de documentos | Documentos padrão da AUDITA e formatos disponíveis para download. É a entrada principal da página. |;B05 B04;B05;C2 + C1;B14 B15;"Biblioteca atual lista auditorias; biblioteca corporativa não identificada";Consultar D01-D11 e B01 quando houver proposta/conflito;"Mapeado; implementação não realizada nesta entrega";"A preencher na execução; ver critérios e saída obrigatória do bloco";Pendente de integração/validação;Fonte original preservada. Aplicar decisões B01 e contrato de autorização B02 antes de concluir.
BIB-L0133;PC-04;audita-planejamento-menu-biblioteca-documentos-v0.1.md;0.2;133;6. Separação do histórico de modificações;Requisito/regra e contexto da fonte;| Revisões de um documento | Versões e alterações daquele documento. Consulta na gestão do documento, conforme PC-04. |;B05 B04;B05;C2 + C1;B14 B15;"Biblioteca atual lista auditorias; biblioteca corporativa não identificada";Consultar D01-D11 e B01 quando houver proposta/conflito;"Mapeado; implementação não realizada nesta entrega";"A preencher na execução; ver critérios e saída obrigatória do bloco";Pendente de integração/validação;Fonte original preservada. Aplicar decisões B01 e contrato de autorização B02 antes de concluir.
BIB-L0134;;audita-planejamento-menu-biblioteca-documentos-v0.1.md;0.2;134;6. Separação do histórico de modificações;Requisito/regra e contexto da fonte;| Histórico de modificações do sistema | Registros já mantidos pelo sistema sobre suas modificações. Acesso apenas pelo botão específico e com permissão. |;B05 B04;B05;C2 + C1;B14 B15;"Biblioteca atual lista auditorias; biblioteca corporativa não identificada";Consultar D01-D11 e B01 quando houver proposta/conflito;"Mapeado; implementação não realizada nesta entrega";"A preencher na execução; ver critérios e saída obrigatória do bloco";Pendente de integração/validação;Fonte original preservada. Aplicar decisões B01 e contrato de autorização B02 antes de concluir.
BIB-L0158;CA-01;audita-planejamento-menu-biblioteca-documentos-v0.1.md;0.2;158;8. Critérios de aceite da implementação futura;Critério de aceite;| CA-01 | Nos quatro perfis, as abas Não conformidades, Planos de ação e Indicadores deixam de aparecer no menu lateral, inclusive recolhido e em tela menor. |;B04;B04;C2;B14 B15;"Menu e Meu Perfil existentes; nova navegação ainda não aplicada";Consultar D01-D11 e B01 quando houver proposta/conflito;"Mapeado; implementação não realizada nesta entrega";"A preencher na execução; ver critérios e saída obrigatória do bloco";"Implementação parcial isolada; revisão/testes no registro de entrega";"Retirada de entradas laterais apenas. Teste estrutural de preservação; homologação por perfil e viewport pendente."
BIB-L0159;CA-02;audita-planejamento-menu-biblioteca-documentos-v0.1.md;0.2;159;8. Critérios de aceite da implementação futura;Critério de aceite;"| CA-02 | O item antigo é substituído por Biblioteca de documentos; os demais itens mantêm sua ordem e regras de acesso. |";B04;B04;C2;B14 B15;"Menu e Meu Perfil existentes; nova navegação ainda não aplicada";Consultar D01-D11 e B01 quando houver proposta/conflito;"Mapeado; implementação não realizada nesta entrega";"A preencher na execução; ver critérios e saída obrigatória do bloco";Pendente de integração/validação;Fonte original preservada. Aplicar decisões B01 e contrato de autorização B02 antes de concluir.
BIB-L0160;CA-03;audita-planejamento-menu-biblioteca-documentos-v0.1.md;0.2;160;8. Critérios de aceite da implementação futura;Critério de aceite;| CA-03 | Abrir a biblioteca pelo menu mostra os documentos, sem apresentar o histórico automaticamente, inclusive após visita anterior ao histórico. |;B04 B05;B04;C2;B14 B15;"Menu e Meu Perfil existentes; nova navegação ainda não aplicada";Consultar D01-D11 e B01 quando houver proposta/conflito;"Mapeado; implementação não realizada nesta entrega";"A preencher na execução; ver critérios e saída obrigatória do bloco";Pendente de integração/validação;Fonte original preservada. Aplicar decisões B01 e contrato de autorização B02 antes de concluir.
BIB-L0169;CA-12;audita-planejamento-menu-biblioteca-documentos-v0.1.md;0.2;169;8. Critérios de aceite da implementação futura;Critério de aceite;| CA-12 | Auditorias, relatórios, dados existentes e o histórico não são removidos ou modificados como efeito da retirada das três abas. |;B04 B14;B04;C2;B14 B15;"Menu e Meu Perfil existentes; nova navegação ainda não aplicada";Consultar D01-D11 e B01 quando houver proposta/conflito;"Mapeado; implementação não realizada nesta entrega";"A preencher na execução; ver critérios e saída obrigatória do bloco";"Implementação parcial isolada; revisão/testes no registro de entrega";"Retirada de entradas laterais apenas. Teste estrutural de preservação; homologação por perfil e viewport pendente."
PER-L0077;;audita-planejamento-perfis-permissoes-dashboards-v0.1.md;0.1;77;4. Visão das abas por perfil;Requisito/regra e contexto da fonte;| Aba | Administrador | Auditor Líder | Auditor | Participante / Auditado |;B02 B04;B02;C1;B14 B15;"Base existente; Administração global e escopo documental divergem do alvo";Consultar D01-D11 e B01 quando houver proposta/conflito;"Mapeado; implementação não realizada nesta entrega";"A preencher na execução; ver critérios e saída obrigatória do bloco";Pendente de integração/validação;Fonte original preservada. Aplicar decisões B01 e contrato de autorização B02 antes de concluir.
PER-L0079;;audita-planejamento-perfis-permissoes-dashboards-v0.1.md;0.1;79;4. Visão das abas por perfil;Requisito/regra e contexto da fonte;| Dashboard | Visão geral de todo o sistema. | Gestão das auditorias sob sua responsabilidade, em andamento e históricas. | Visão das auditorias de cuja equipe participa ou participou. | Acompanhamento das auditorias autorizadas da própria organização. |;B02 B04;B02;C1;B14 B15;"Base existente; Administração global e escopo documental divergem do alvo";Consultar D01-D11 e B01 quando houver proposta/conflito;"Mapeado; implementação não realizada nesta entrega";"A preencher na execução; ver critérios e saída obrigatória do bloco";Pendente de integração/validação;Fonte original preservada. Aplicar decisões B01 e contrato de autorização B02 antes de concluir.
PER-L0080;;audita-planejamento-perfis-permissoes-dashboards-v0.1.md;0.1;80;4. Visão das abas por perfil;Requisito/regra e contexto da fonte;"| Auditorias | Acesso e operação geral. | Criação, planejamento, condução e validações no seu âmbito de responsabilidade. | Acompanhamento das auditorias da equipe; sem condução ou validação. | Consulta do planejamento e das informações disponibilizadas; relatórios somente validados. |";B02 B04;B02;C1;B14 B15;"Base existente; Administração global e escopo documental divergem do alvo";Consultar D01-D11 e B01 quando houver proposta/conflito;"Mapeado; implementação não realizada nesta entrega";"A preencher na execução; ver critérios e saída obrigatória do bloco";Pendente de integração/validação;Fonte original preservada. Aplicar decisões B01 e contrato de autorização B02 antes de concluir.
PER-L0081;;audita-planejamento-perfis-permissoes-dashboards-v0.1.md;0.1;81;4. Visão das abas por perfil;Requisito/regra e contexto da fonte;| Usuários | Cadastro, edição, ativação, desativação, perfis e vínculos. | Sem acesso à administração de usuários, conforme proposta. | Sem acesso, conforme proposta. | Sem acesso, conforme proposta. |;B02 B04;B02;C1;B14 B15;"Base existente; Administração global e escopo documental divergem do alvo";Consultar D01-D11 e B01 quando houver proposta/conflito;"Mapeado; implementação não realizada nesta entrega";"A preencher na execução; ver critérios e saída obrigatória do bloco";Pendente de integração/validação;Fonte original preservada. Aplicar decisões B01 e contrato de autorização B02 antes de concluir.
PER-L0082;;audita-planejamento-perfis-permissoes-dashboards-v0.1.md;0.1;82;4. Visão das abas por perfil;Requisito/regra e contexto da fonte;| Biblioteca de documentos | Cadastro, download e gestão dos padrões corporativos. | Consulta e download dos documentos disponibilizados. | Consulta e download dos documentos disponibilizados. | Sem acesso à biblioteca corporativa interna, conforme proposta. |;B02 B04;B02;C1;B14 B15;"Base existente; Administração global e escopo documental divergem do alvo";Consultar D01-D11 e B01 quando houver proposta/conflito;"Mapeado; implementação não realizada nesta entrega";"A preencher na execução; ver critérios e saída obrigatória do bloco";Pendente de integração/validação;Fonte original preservada. Aplicar decisões B01 e contrato de autorização B02 antes de concluir.
PER-L0083;;audita-planejamento-perfis-permissoes-dashboards-v0.1.md;0.1;83;4. Visão das abas por perfil;Requisito/regra e contexto da fonte;"| Meu Perfil | Consulta e manutenção dos próprios dados permitidos. | Consulta e manutenção dos próprios dados permitidos. | Consulta e manutenção dos próprios dados permitidos. | Consulta dos próprios dados; controles pessoais de acesso conforme decisão da seção 12. |";B02 B04;B02;C1;B14 B15;"Base existente; Administração global e escopo documental divergem do alvo";Consultar D01-D11 e B01 quando houver proposta/conflito;"Mapeado; implementação não realizada nesta entrega";"A preencher na execução; ver critérios e saída obrigatória do bloco";Pendente de integração/validação;Fonte original preservada. Aplicar decisões B01 e contrato de autorização B02 antes de concluir.
PER-L0085;;audita-planejamento-perfis-permissoes-dashboards-v0.1.md;0.1;85;4. Visão das abas por perfil;Requisito/regra e contexto da fonte;O histórico de modificações do sistema continua como acesso secundário dentro da Biblioteca, somente após clique. Sua disponibilização exclusiva ao Administrador permanece uma proposta para validação. Não criar uma nova aba lateral de histórico.;B02 B04;B02;C1;B14 B15;"Base existente; Administração global e escopo documental divergem do alvo";Consultar D01-D11 e B01 quando houver proposta/conflito;"Mapeado; implementação não realizada nesta entrega";"A preencher na execução; ver critérios e saída obrigatória do bloco";Pendente de integração/validação;Fonte original preservada. Aplicar decisões B01 e contrato de autorização B02 antes de concluir.
PER-L0087;;audita-planejamento-perfis-permissoes-dashboards-v0.1.md;0.1;87;4. Visão das abas por perfil;Requisito/regra e contexto da fonte;Os documentos específicos do cliente serão acessados dentro da respectiva auditoria. Eles não devem ser confundidos com os modelos internos da biblioteca corporativa.;B02 B04;B02;C1;B14 B15;"Base existente; Administração global e escopo documental divergem do alvo";Consultar D01-D11 e B01 quando houver proposta/conflito;"Mapeado; implementação não realizada nesta entrega";"A preencher na execução; ver critérios e saída obrigatória do bloco";Pendente de integração/validação;Fonte original preservada. Aplicar decisões B01 e contrato de autorização B02 antes de concluir.
PER-L0262;PER-01;audita-planejamento-perfis-permissoes-dashboards-v0.1.md;0.1;262;11. Critérios de aceite;Critério de aceite;"| PER-01 | Os quatro perfis aparecem com nomenclatura consistente; não surge um perfil separado chamado Administrativo. |";B02 B04;B02;C1;B14 B15;"Base existente; Administração global e escopo documental divergem do alvo";Consultar D01-D11 e B01 quando houver proposta/conflito;"Mapeado; implementação não realizada nesta entrega";"A preencher na execução; ver critérios e saída obrigatória do bloco";Pendente de integração/validação;Fonte original preservada. Aplicar decisões B01 e contrato de autorização B02 antes de concluir.
PER-L0281;PER-20;audita-planejamento-perfis-permissoes-dashboards-v0.1.md;0.1;281;11. Critérios de aceite;Critério de aceite;| PER-20 | Meu Perfil não permite alterar o próprio perfil de acesso ou organização. A regra específica do Participante é respeitada. |;B02 B04;B02;C1;B14 B15;"Base existente; Administração global e escopo documental divergem do alvo";D05;"Mapeado; implementação não realizada nesta entrega";"A preencher na execução; ver critérios e saída obrigatória do bloco";Pendente de integração/validação;Fonte original preservada. Aplicar decisões B01 e contrato de autorização B02 antes de concluir.
